ENGLISH CATEGORY,中文類別,FRESH FOOD CATEGORY,鮮活食品類別,FOOD TYPE,食品種類,PRICE (THIS MORNING),價錢 (今早),UNIT,單位,INTAKE DATE,來貨日期,SOURCE OF SUPPLY (IF APPROPRIATE),供應來源 (如適用),PROVIDED BY,資料來源,Last Revision Date,最後更新日期
Average Wholesale Prices,平均批發價,Livestock / Poultry,牲畜及家禽,Live pig,活豬,1583.0 ,1583.0 ,($ / Picul),(元／擔),(Yesterday),(昨日),-,-,Slaughterhouses,屠房,2019/3/11,2019/3/11
Average Wholesale Prices,平均批發價,Livestock / Poultry,牲畜及家禽,Live cattle,活牛,4223.0 ,4223.0 ,($ / Picul),(元／擔),(Yesterday),(昨日),-,-,Ng Fung Hong,五豐行,2019/3/11,2019/3/11
Average Wholesale Prices,平均批發價,Livestock / Poultry,牲畜及家禽,Live chicken,活雞,-,-,($ / Catty),(元／斤),(Yesterday),(昨日),Mainland,內地,Major wholesalers at the Government Cheung Sha Wan Temporary Wholesale Poultry Market,政府長沙灣臨時家禽批發市場主要批發商,2019/3/11,2019/3/11
Average Wholesale Prices,平均批發價,Livestock / Poultry,牲畜及家禽,Live chicken,活雞,43.8 ,43.8 ,($ / Catty),(元／斤),(Yesterday),(昨日),Local,本地,Major wholesalers at the Government Cheung Sha Wan Temporary Wholesale Poultry Market,政府長沙灣臨時家禽批發市場主要批發商,2019/3/11,2019/3/11
Average Wholesale Prices,平均批發價,Marine fish,鹹水魚,Golden thread,紅衫,44.0 ,44.0 ,($ / Catty),(元／斤),(Yesterday),(昨日),-,-,Major wholesalers at the Fish Marketing Organization Cheung Sha Wan Fish Market,魚類統營處長沙灣魚市場主要批發商,2019/3/11,2019/3/11
Average Wholesale Prices,平均批發價,Marine fish,鹹水魚,Horse head,馬頭,35.0 ,35.0 ,($ / Catty),(元／斤),(Yesterday),(昨日),-,-,Major wholesalers at the Fish Marketing Organization Cheung Sha Wan Fish Market,魚類統營處長沙灣魚市場主要批發商,2019/3/11,2019/3/11
Average Wholesale Prices,平均批發價,Marine fish,鹹水魚,Yellow croaker,黃花,35.0 ,35.0 ,($ / Catty),(元／斤),(Yesterday),(昨日),-,-,Major wholesalers at the Fish Marketing Organization Cheung Sha Wan Fish Market,魚類統營處長沙灣魚市場主要批發商,2019/3/11,2019/3/11
Average Wholesale Prices,平均批發價,Marine fish,鹹水魚,Big eyes,木棉(大眼雞),64.0 ,64.0 ,($ / Catty),(元／斤),(Yesterday),(昨日),-,-,Major wholesalers at the Fish Marketing Organization Cheung Sha Wan Fish Market,魚類統營處長沙灣魚市場主要批發商,2019/3/11,2019/3/11
Average Wholesale Prices,平均批發價,Marine fish,鹹水魚,Scads,池魚,14.0 ,14.0 ,($ / Catty),(元／斤),(Yesterday),(昨日),-,-,Major wholesalers at the Fish Marketing Organization Cheung Sha Wan Fish Market,魚類統營處長沙灣魚市場主要批發商,2019/3/11,2019/3/11
Average Wholesale Prices,平均批發價,Marine fish,鹹水魚,Breams,立魚,52.0 ,52.0 ,($ / Catty),(元／斤),(Yesterday),(昨日),-,-,Major wholesalers at the Fish Marketing Organization Cheung Sha Wan Fish Market,魚類統營處長沙灣魚市場主要批發商,2019/3/11,2019/3/11
Average Wholesale Prices,平均批發價,Marine fish,鹹水魚,Hairtail,牙帶,34.0 ,34.0 ,($ / Catty),(元／斤),(Yesterday),(昨日),-,-,Major wholesalers at the Fish Marketing Organization Cheung Sha Wan Fish Market,魚類統營處長沙灣魚市場主要批發商,2019/3/11,2019/3/11
Average Wholesale Prices,平均批發價,Marine fish,鹹水魚,Mackerel,鮫魚,52.0 ,52.0 ,($ / Catty),(元／斤),(Yesterday),(昨日),-,-,Major wholesalers at the Fish Marketing Organization Cheung Sha Wan Fish Market,魚類統營處長沙灣魚市場主要批發商,2019/3/11,2019/3/11
Average Wholesale Prices,平均批發價,Marine fish,鹹水魚,Croakers,或魚,13.0 ,13.0 ,($ / Catty),(元／斤),(Yesterday),(昨日),-,-,Major wholesalers at the Fish Marketing Organization Cheung Sha Wan Fish Market,魚類統營處長沙灣魚市場主要批發商,2019/3/11,2019/3/11
Average Wholesale Prices,平均批發價,Marine fish,鹹水魚,Filefish,沙鯭,32.0 ,32.0 ,($ / Catty),(元／斤),(Yesterday),(昨日),-,-,Major wholesalers at the Fish Marketing Organization Cheung Sha Wan Fish Market,魚類統營處長沙灣魚市場主要批發商,2019/3/11,2019/3/11
Average Wholesale Prices,平均批發價,Freshwater fish,淡水魚,Grass carp,鯇魚,16.7 ,16.7 ,($ / Catty),(元／斤),(Yesterday),(昨日),-,-,Major wholesalers at the Government Cheung Sha Wan and Western Wholesale Food Markets,政府長沙灣及西區副食品批發市場主要批發商,2019/3/11,2019/3/11
Average Wholesale Prices,平均批發價,Freshwater fish,淡水魚,Big head,大魚,17.1 ,17.1 ,($ / Catty),(元／斤),(Yesterday),(昨日),-,-,Major wholesalers at the Government Cheung Sha Wan and Western Wholesale Food Markets,政府長沙灣及西區副食品批發市場主要批發商,2019/3/11,2019/3/11
Average Wholesale Prices,平均批發價,Freshwater fish,淡水魚,Mud carp,鯪魚,19.0 ,19.0 ,($ / Catty),(元／斤),(Yesterday),(昨日),-,-,Major wholesalers at the Government Cheung Sha Wan and Western Wholesale Food Markets,政府長沙灣及西區副食品批發市場主要批發商,2019/3/11,2019/3/11
Average Wholesale Prices,平均批發價,Vegetables,蔬菜,Flowering Cabbage,菜芯,9.6 ,9.6 ,($ / Catty),(元／斤),(Yesterday),(昨日),-,-,Vegetable Marketing Organization Cheung Sha Wan Wholesale Vegetable Market,蔬菜統營處長沙灣市場,2019/3/11,2019/3/11
Average Wholesale Prices,平均批發價,Vegetables,蔬菜,White Cabbage,白菜,4.9 ,4.9 ,($ / Catty),(元／斤),(Yesterday),(昨日),-,-,Vegetable Marketing Organization Cheung Sha Wan Wholesale Vegetable Market,蔬菜統營處長沙灣市場,2019/3/11,2019/3/11
Average Wholesale Prices,平均批發價,Vegetables,蔬菜,Chinese Lettuce,唐生菜,4.1 ,4.1 ,($ / Catty),(元／斤),(Yesterday),(昨日),-,-,Vegetable Marketing Organization Cheung Sha Wan Wholesale Vegetable Market,蔬菜統營處長沙灣市場,2019/3/11,2019/3/11
Average Wholesale Prices,平均批發價,Vegetables,蔬菜,Chrysanthemum Garland,茼萵,10.2 ,10.2 ,($ / Catty),(元／斤),(Yesterday),(昨日),-,-,Vegetable Marketing Organization Cheung Sha Wan Wholesale Vegetable Market,蔬菜統營處長沙灣市場,2019/3/11,2019/3/11
Average Wholesale Prices,平均批發價,Vegetables,蔬菜,Chinese Kale,芥蘭,11.2 ,11.2 ,($ / Catty),(元／斤),(Yesterday),(昨日),-,-,Vegetable Marketing Organization Cheung Sha Wan Wholesale Vegetable Market,蔬菜統營處長沙灣市場,2019/3/11,2019/3/11
Average Wholesale Prices,平均批發價,Vegetables,蔬菜,European Celery,西芹,7.4 ,7.4 ,($ / Catty),(元／斤),(Yesterday),(昨日),-,-,Vegetable Marketing Organization Cheung Sha Wan Wholesale Vegetable Market,蔬菜統營處長沙灣市場,2019/3/11,2019/3/11
Average Wholesale Prices,平均批發價,Vegetables,蔬菜,Potato,薯仔,4.2 ,4.2 ,($ / Catty),(元／斤),(Yesterday),(昨日),-,-,Vegetable Marketing Organization Cheung Sha Wan Wholesale Vegetable Market,蔬菜統營處長沙灣市場,2019/3/11,2019/3/11
Average Wholesale Prices,平均批發價,Vegetables,蔬菜,Spinach,菠菜,6.4 ,6.4 ,($ / Catty),(元／斤),(Yesterday),(昨日),-,-,Vegetable Marketing Organization Cheung Sha Wan Wholesale Vegetable Market,蔬菜統營處長沙灣市場,2019/3/11,2019/3/11
Average Wholesale Prices,平均批發價,Vegetables,蔬菜,Water Cress,西洋菜,8.0 ,8.0 ,($ / Catty),(元／斤),(Yesterday),(昨日),-,-,Vegetable Marketing Organization Cheung Sha Wan Wholesale Vegetable Market,蔬菜統營處長沙灣市場,2019/3/11,2019/3/11
Average Wholesale Prices,平均批發價,Vegetables,蔬菜,Broccoli,西蘭花,9.7 ,9.7 ,($ / Catty),(元／斤),(Yesterday),(昨日),-,-,Vegetable Marketing Organization Cheung Sha Wan Wholesale Vegetable Market,蔬菜統營處長沙灣市場,2019/3/11,2019/3/11
Average Wholesale Prices,平均批發價,Vegetables,蔬菜,Green Cabbage,青白菜,4.4 ,4.4 ,($ / Catty),(元／斤),(Yesterday),(昨日),-,-,Vegetable Marketing Organization Cheung Sha Wan Wholesale Vegetable Market,蔬菜統營處長沙灣市場,2019/3/11,2019/3/11
Average Wholesale Prices,平均批發價,Vegetables,蔬菜,Tomato,蕃茄,5.6 ,5.6 ,($ / Catty),(元／斤),(Yesterday),(昨日),-,-,Vegetable Marketing Organization Cheung Sha Wan Wholesale Vegetable Market,蔬菜統營處長沙灣市場,2019/3/11,2019/3/11
Average Wholesale Prices,平均批發價,Vegetables,蔬菜,Pea Shoot,荳苗,29.3 ,29.3 ,($ / Catty),(元／斤),(Yesterday),(昨日),-,-,Vegetable Marketing Organization Cheung Sha Wan Wholesale Vegetable Market,蔬菜統營處長沙灣市場,2019/3/11,2019/3/11
Average Wholesale Prices,平均批發價,Eggs,雞蛋,Brown-shelled egg (medium) Mainland,內地啡蛋　　　(中),0.81 ,0.81 ,($ / Egg),(元／隻),(Yesterday),(昨日),-,-,Major wholesalers of the Government Cheung Sha Wan and Western Wholesale Food Markets,政府長沙灣及西區副食品批發市場主要批發商,2019/3/11,2019/3/11
Average Wholesale Prices,平均批發價,Eggs,雞蛋,Grade II brown-shelled egg Germany (360/box),德國二級啡蛋　(360裝),-,-,($ / Egg),(元／隻),(Yesterday),(昨日),-,-,Major wholesalers of the Government Cheung Sha Wan and Western Wholesale Food Markets,政府長沙灣及西區副食品批發市場主要批發商,2019/3/11,2019/3/11
Average Wholesale Prices,平均批發價,Eggs,雞蛋,Brown-shelled egg (medium) USA,美國啡蛋　　　(中裝),0.76 ,0.76 ,($ / Egg),(元／隻),(Yesterday),(昨日),-,-,Major wholesalers of the Government Cheung Sha Wan and Western Wholesale Food Markets,政府長沙灣及西區副食品批發市場主要批發商,2019/3/11,2019/3/11
,,,,,,,,,,,,,,,,,
,,,,,,,,,,,,,,,,,
,,,,,,,,,,,,,,,,,
