ENGLISH CATEGORY,中文類別,FRESH FOOD CATEGORY,鮮活食品類別,FOOD TYPE,食品種類,PRICE (THIS MORNING),價錢 (今早),UNIT,單位,INTAKE DATE,來貨日期,SOURCE OF SUPPLY (IF APPROPRIATE),供應來源 (如適用),PROVIDED BY,資料來源,Last Revision Date,最後更新日期
Average Wholesale Prices,平均批發價,Livestock / Poultry,牲畜及家禽,Live pig,活豬,3032.0 ,3032.0 ,($ / Picul),(元／擔),(Yesterday),(昨日),-,-,Slaughterhouses,屠房,2019/8/7,2019/8/7
Average Wholesale Prices,平均批發價,Livestock / Poultry,牲畜及家禽,Live cattle,活牛,4229.0 ,4229.0 ,($ / Picul),(元／擔),(Yesterday),(昨日),-,-,Ng Fung Hong,五豐行,2019/8/7,2019/8/7
Average Wholesale Prices,平均批發價,Livestock / Poultry,牲畜及家禽,Live chicken,活雞,-,-,($ / Catty),(元／斤),(Yesterday),(昨日),Mainland,內地,Major wholesalers at the Government Cheung Sha Wan Temporary Wholesale Poultry Market,政府長沙灣臨時家禽批發市場主要批發商,2019/8/7,2019/8/7
Average Wholesale Prices,平均批發價,Livestock / Poultry,牲畜及家禽,Live chicken,活雞,31.7 ,31.7 ,($ / Catty),(元／斤),(Yesterday),(昨日),Local,本地,Major wholesalers at the Government Cheung Sha Wan Temporary Wholesale Poultry Market,政府長沙灣臨時家禽批發市場主要批發商,2019/8/7,2019/8/7
Average Wholesale Prices,平均批發價,Marine fish,鹹水魚,Golden thread,紅衫,47.0 ,47.0 ,($ / Catty),(元／斤),(Yesterday),(昨日),-,-,Major wholesalers at the Fish Marketing Organization Cheung Sha Wan Fish Market,魚類統營處長沙灣魚市場主要批發商,2019/8/7,2019/8/7
Average Wholesale Prices,平均批發價,Marine fish,鹹水魚,Horse head,馬頭,36.0 ,36.0 ,($ / Catty),(元／斤),(Yesterday),(昨日),-,-,Major wholesalers at the Fish Marketing Organization Cheung Sha Wan Fish Market,魚類統營處長沙灣魚市場主要批發商,2019/8/7,2019/8/7
Average Wholesale Prices,平均批發價,Marine fish,鹹水魚,Yellow croaker,黃花,33.0 ,33.0 ,($ / Catty),(元／斤),(Yesterday),(昨日),-,-,Major wholesalers at the Fish Marketing Organization Cheung Sha Wan Fish Market,魚類統營處長沙灣魚市場主要批發商,2019/8/7,2019/8/7
Average Wholesale Prices,平均批發價,Marine fish,鹹水魚,Big eyes,木棉(大眼雞),64.0 ,64.0 ,($ / Catty),(元／斤),(Yesterday),(昨日),-,-,Major wholesalers at the Fish Marketing Organization Cheung Sha Wan Fish Market,魚類統營處長沙灣魚市場主要批發商,2019/8/7,2019/8/7
Average Wholesale Prices,平均批發價,Marine fish,鹹水魚,Scads,池魚,14.0 ,14.0 ,($ / Catty),(元／斤),(Yesterday),(昨日),-,-,Major wholesalers at the Fish Marketing Organization Cheung Sha Wan Fish Market,魚類統營處長沙灣魚市場主要批發商,2019/8/7,2019/8/7
Average Wholesale Prices,平均批發價,Marine fish,鹹水魚,Breams,立魚,53.0 ,53.0 ,($ / Catty),(元／斤),(Yesterday),(昨日),-,-,Major wholesalers at the Fish Marketing Organization Cheung Sha Wan Fish Market,魚類統營處長沙灣魚市場主要批發商,2019/8/7,2019/8/7
Average Wholesale Prices,平均批發價,Marine fish,鹹水魚,Hairtail,牙帶,34.0 ,34.0 ,($ / Catty),(元／斤),(Yesterday),(昨日),-,-,Major wholesalers at the Fish Marketing Organization Cheung Sha Wan Fish Market,魚類統營處長沙灣魚市場主要批發商,2019/8/7,2019/8/7
Average Wholesale Prices,平均批發價,Marine fish,鹹水魚,Mackerel,鮫魚,55.0 ,55.0 ,($ / Catty),(元／斤),(Yesterday),(昨日),-,-,Major wholesalers at the Fish Marketing Organization Cheung Sha Wan Fish Market,魚類統營處長沙灣魚市場主要批發商,2019/8/7,2019/8/7
Average Wholesale Prices,平均批發價,Marine fish,鹹水魚,Croakers,或魚,14.0 ,14.0 ,($ / Catty),(元／斤),(Yesterday),(昨日),-,-,Major wholesalers at the Fish Marketing Organization Cheung Sha Wan Fish Market,魚類統營處長沙灣魚市場主要批發商,2019/8/7,2019/8/7
Average Wholesale Prices,平均批發價,Marine fish,鹹水魚,Filefish,沙鯭,35.0 ,35.0 ,($ / Catty),(元／斤),(Yesterday),(昨日),-,-,Major wholesalers at the Fish Marketing Organization Cheung Sha Wan Fish Market,魚類統營處長沙灣魚市場主要批發商,2019/8/7,2019/8/7
Average Wholesale Prices,平均批發價,Freshwater fish,淡水魚,Grass carp,鯇魚,15.5 ,15.5 ,($ / Catty),(元／斤),(Yesterday),(昨日),-,-,Major wholesalers at the Government Cheung Sha Wan and Western Wholesale Food Markets,政府長沙灣及西區副食品批發市場主要批發商,2019/8/7,2019/8/7
Average Wholesale Prices,平均批發價,Freshwater fish,淡水魚,Big head,大魚,15.8 ,15.8 ,($ / Catty),(元／斤),(Yesterday),(昨日),-,-,Major wholesalers at the Government Cheung Sha Wan and Western Wholesale Food Markets,政府長沙灣及西區副食品批發市場主要批發商,2019/8/7,2019/8/7
Average Wholesale Prices,平均批發價,Freshwater fish,淡水魚,Mud carp,鯪魚,19.5 ,19.5 ,($ / Catty),(元／斤),(Yesterday),(昨日),-,-,Major wholesalers at the Government Cheung Sha Wan and Western Wholesale Food Markets,政府長沙灣及西區副食品批發市場主要批發商,2019/8/7,2019/8/7
Average Wholesale Prices,平均批發價,Vegetables,蔬菜,Flowering Cabbage,菜芯,6.1 ,6.1 ,($ / Catty),(元／斤),(Yesterday),(昨日),-,-,Vegetable Marketing Organization Cheung Sha Wan Wholesale Vegetable Market,蔬菜統營處長沙灣市場,2019/8/7,2019/8/7
Average Wholesale Prices,平均批發價,Vegetables,蔬菜,White Cabbage,白菜,4.2 ,4.2 ,($ / Catty),(元／斤),(Yesterday),(昨日),-,-,Vegetable Marketing Organization Cheung Sha Wan Wholesale Vegetable Market,蔬菜統營處長沙灣市場,2019/8/7,2019/8/7
Average Wholesale Prices,平均批發價,Vegetables,蔬菜,Chinese Lettuce,唐生菜,4.0 ,4.0 ,($ / Catty),(元／斤),(Yesterday),(昨日),-,-,Vegetable Marketing Organization Cheung Sha Wan Wholesale Vegetable Market,蔬菜統營處長沙灣市場,2019/8/7,2019/8/7
Average Wholesale Prices,平均批發價,Vegetables,蔬菜,Water Spinach,通菜,4.3 ,4.3 ,($ / Catty),(元／斤),(Yesterday),(昨日),-,-,Vegetable Marketing Organization Cheung Sha Wan Wholesale Vegetable Market,蔬菜統營處長沙灣市場,2019/8/7,2019/8/7
Average Wholesale Prices,平均批發價,Vegetables,蔬菜,Chinese Kale,芥蘭,6.2 ,6.2 ,($ / Catty),(元／斤),(Yesterday),(昨日),-,-,Vegetable Marketing Organization Cheung Sha Wan Wholesale Vegetable Market,蔬菜統營處長沙灣市場,2019/8/7,2019/8/7
Average Wholesale Prices,平均批發價,Vegetables,蔬菜,European Celery,西芹,8.0 ,8.0 ,($ / Catty),(元／斤),(Yesterday),(昨日),-,-,Vegetable Marketing Organization Cheung Sha Wan Wholesale Vegetable Market,蔬菜統營處長沙灣市場,2019/8/7,2019/8/7
Average Wholesale Prices,平均批發價,Vegetables,蔬菜,Potato,薯仔,3.9 ,3.9 ,($ / Catty),(元／斤),(Yesterday),(昨日),-,-,Vegetable Marketing Organization Cheung Sha Wan Wholesale Vegetable Market,蔬菜統營處長沙灣市場,2019/8/7,2019/8/7
Average Wholesale Prices,平均批發價,Vegetables,蔬菜,Spinach,菠菜,7.7 ,7.7 ,($ / Catty),(元／斤),(Yesterday),(昨日),-,-,Vegetable Marketing Organization Cheung Sha Wan Wholesale Vegetable Market,蔬菜統營處長沙灣市場,2019/8/7,2019/8/7
Average Wholesale Prices,平均批發價,Vegetables,蔬菜,"Yard-long bean, white",白豆角,8.5 ,8.5 ,($ / Catty),(元／斤),(Yesterday),(昨日),-,-,Vegetable Marketing Organization Cheung Sha Wan Wholesale Vegetable Market,蔬菜統營處長沙灣市場,2019/8/7,2019/8/7
Average Wholesale Prices,平均批發價,Vegetables,蔬菜,Broccoli,西蘭花,10.5 ,10.5 ,($ / Catty),(元／斤),(Yesterday),(昨日),-,-,Vegetable Marketing Organization Cheung Sha Wan Wholesale Vegetable Market,蔬菜統營處長沙灣市場,2019/8/7,2019/8/7
Average Wholesale Prices,平均批發價,Vegetables,蔬菜,Green Cabbage,青白菜,3.9 ,3.9 ,($ / Catty),(元／斤),(Yesterday),(昨日),-,-,Vegetable Marketing Organization Cheung Sha Wan Wholesale Vegetable Market,蔬菜統營處長沙灣市場,2019/8/7,2019/8/7
Average Wholesale Prices,平均批發價,Vegetables,蔬菜,Tomato,蕃茄,4.8 ,4.8 ,($ / Catty),(元／斤),(Yesterday),(昨日),-,-,Vegetable Marketing Organization Cheung Sha Wan Wholesale Vegetable Market,蔬菜統營處長沙灣市場,2019/8/7,2019/8/7
Average Wholesale Prices,平均批發價,Vegetables,蔬菜,Chinese Spinach,莧菜,6.0 ,6.0 ,($ / Catty),(元／斤),(Yesterday),(昨日),-,-,Vegetable Marketing Organization Cheung Sha Wan Wholesale Vegetable Market,蔬菜統營處長沙灣市場,2019/8/7,2019/8/7
Average Wholesale Prices,平均批發價,Eggs,雞蛋,Brown-shelled egg (medium) Mainland,內地啡蛋　　　(中),0.81 ,0.81 ,($ / Egg),(元／隻),(Yesterday),(昨日),-,-,Major wholesalers at the Government Cheung Sha Wan and Western Wholesale Food Markets,政府長沙灣及西區副食品批發市場主要批發商,2019/8/7,2019/8/7
Average Wholesale Prices,平均批發價,Eggs,雞蛋,Grade II brown-shelled egg Germany (360/box),德國二級啡蛋　(360裝),-,-,($ / Egg),(元／隻),(Yesterday),(昨日),-,-,Major wholesalers at the Government Cheung Sha Wan and Western Wholesale Food Markets,政府長沙灣及西區副食品批發市場主要批發商,2019/8/7,2019/8/7
Average Wholesale Prices,平均批發價,Eggs,雞蛋,Brown-shelled egg (medium) USA,美國啡蛋　　　(中裝),0.77 ,0.77 ,($ / Egg),(元／隻),(Yesterday),(昨日),-,-,Major wholesalers at the Government Cheung Sha Wan and Western Wholesale Food Markets,政府長沙灣及西區副食品批發市場主要批發商,2019/8/7,2019/8/7
Reference Farm Gate Price,參考農場出場價,Livestock / Poultry,牲畜及家禽,Live chicken,活雞,34,34,($ / Catty),(元／斤),(Last Week),(過去一週),Local,本地,Local chicken farms,本地雞農,2019/8/7,2019/8/7
,,,,,,,,,,,,,,,,,
,,,,,,,,,,,,,,,,,
